input;output
Komodifikasi Khalayak: Pengertian dan Contohnya;Neutral
Persepsi: Pengertian dan Contohnya;Neutral
Soal dan Jawaban Bilangan Positif dan Negatif;Neutral
Cara Menyebutkan Tanggal dan Tahun dalam Bahasa Inggris ;Neutral
Bagaimana Arus Konveksi Terjadi?;Neutral
"[HOAKS] Abaikan Permohonan Anwar Ibrahim, Jokowi Siap Serang Malaysia Usai Tahun Baru";Negative
[HOAKS] Ratusan Rudal Australia Mendarat di Jantung Konvoi TNI;Negative
"INFOGRAFIK: 18 Partai Politik Peserta Pemilu 2024, Setelah Partai Ummat Lolos";Neutral
[HOAKS] Fajar Sad Boy Meninggal Dunia karena Kecelakaan;Negative
Kaleidoskop Hoaks 2022: Berbagai Kabar Hoaks Mencatut Nama Ma'ruf Amin;Negative
Serangan Rudal Rusia di Kyiv Tewaskan 1 Orang ;Negative
"Pencurian Besar-besaran Konverter Katalitik di Inggris, Capai 100.000 dalam 3 Tahun";Negative
"Heboh Penampakan Cahaya Aneh di Langit Las Vegas, Warga: Itu UFO!";Positive
Brasil Sambut Presiden Baru Sekaligus Lepas Raja Sepak Bolanya;Neutral
"Bercanda soal Bom, Perempuan WNI Ditangkap Petugas Bandara Malaysia";Negative
"Sinopsis CJ7, Bioskop Trans TV 1 Januari 2023";Neutral
Kondisi Indra Bekti Usai Operasi: Sempat Lupa Nama Anak;Negative
"Tidur Pulas, Indra Bekti Disebut Tak Pernah Cukup Istirahat";Positive
"Tiket Konser EXO-SC Dipatok Rp1-3 Juta, Dijual Mulai 6 Januari";Neutral
Tasya Kamila Melahirkan Anak Kedua;Positive
"Bali Macet karena Diserbu Wisatawan, Ini 4 Tips Menghindarinya";Negative
"Atraksi Gajah di Way Kambas Akan Ditiadakan, Demi Kesejahteraan Satwa";Positive
"Masjid Al Jabbar Diresmikan, Bisa Datang dan Mampir ke 4 Tempat Ini";Positive
"Tahun Baru 2023, Bisa Main ke 4 Tempat Wisata di Jakarta Ini";Positive
Pantai Parangtritis Diserbu 18.000 Wisatawan Jelang Tahun Baru;Positive
40 Link Download Twibbon Tahun Baru 2023 dan Cara Pakainya ;Positive
4 Cara Menghilangkan Iklan di HP Xiaomi agar Tidak Mengganggu;Neutral
Cara Menyembunyikan Foto atau Video di Instagram yang Di-tag Orang Lain ;Neutral
"Jadwal M4 Mobile Legends Hari Ini, RRQ Hoshi Main Dua Kali";Neutral
3 Cara Langganan Amazon Prime Video lewat HP dan PC;Neutral
"8 Cara Menghilangkan Bau Makanan di Tangan, Coba Gosok ke Panci";Neutral
6 Makanan yang Berpotensi Picu Lambung Bocor;Neutral
"Air yang Tercemar Tinja Tetap Bisa Diminum, Bagaimana Caranya?";Neutral
"5 Kebiasaan untuk Mencegah Katarak di Usia Muda, Pakai Kacamata Hitam";Positive
NYALANG: Para Penjaga Dunia;Neutral
"Selain Wortel, Ini 5 Makanan yang Dapat Diberikan pada Kelinci";Neutral
"Cara Mengatasi Saluran Air Bak Cuci Piring Mampet, Pakai Cuka";Neutral
4 Hal yang Perlu Dipertimbangkan Saat Memilih Meja Kopi;Neutral
"6 Hama yang Bersembunyi di Loteng Rumah, dari Tikus sampai Ular";Negative
8 Barang yang Harus Disingkirkan Setelah Liburan Akhir Tahun;Neutral
"Korut Krisis, Orang-orang Elite Banyak Pakai Barang Mewah Palsu";Neutral
"Rusia Serang Ukraina Jelang Tahun Baru, 1 Orang Tewas";Negative
Paus Benediktus Bakal Dimakamkan di Gua Vatikan;Neutral
"Reshuffle Besar-besaran, Kim Jong Un Ganti Menhan & Sekretaris Partai";Neutral
"Awal Tahun Baru, Ukraina Dihantam Serangan Udara Rusia Lagi";Negative
[POPULER TREN] Ucapan Selamat Tahun Baru 2023 | Makanan yang Dihindari Penderita Darah Tinggi;Positive
"Kumpulan Twibbon, Kata-kata dan Ucapan Selamat Tahun Baru 2023";Positive
Rincian UMP 2023 yang Mulai Berlaku Hari Ini;Neutral
Update Corona 1 Januari 2023: Omicron XBB Merebak di AS | Ahli Bantah Varian Delta Kembali di China;Negative
"Mulai Hari Ini, BBM Jenis Ini Dilarang Dijual di Indonesia";Neutral
"Semarang Banjir, KAI Minta Maaf Perjalanan Harus Memutar";Negative
Pedagang di Monas Keluhkan Omzet Menurun Drastis Imbas Cuaca Ekstrem;Negative
Kilas Balik Dinamika Bursa Saham Sepanjang 2022;Neutral
"Pahami Aturan Cukai, Pungutan yang Bikin Rokok Makin Mahal";Neutral
"Listrik di Bintan dan Batam Alami Gangguan, Sebagian Wilayah Padam";Negative
"Pelni Cetak Laba Rp 113 M hingga Juni, Angkut 2,6 Juta Penumpang";Positive
"Gembar-gembor El Nino Ancam Pasokan Pangan, Demi Buka Keran Impor?";Negative
"Digarap 2 Konglomerat, Proyek Tol Tembus PIK Rp 23 T Rampung 2026";Positive
"Harga Referensi CPO Naik Jadi US$ 826,48/MT";Positive
Jokowi Pamer Kebangkitan Ekonomi RI di Depan Para Pengusaha Batik;Positive
Diskusi Mahasiswa Unair yang Undang Rocky Gerung Mendadak Dibatalkan;Neutral
PBNU Dukung Anwar Iskandar Jadi Ketua Umum MUI;Positive
Panji Gumilang Resmi Ditahan di Kasus Penistaan Agama;Negative
"Panji Gumilang Tersangka, PBNU Siap Tampung Santri Al Zaytun";Neutral
Mahkamah Agung Tolak Kasasi Politikus PDIP Mardani Maming;Negative
Tanda Sederhana yang Gambarkan Kecerdasan Anak;Positive
5 Macam Gejala Sakit Kepala dan Kenali Penyebabnya;Neutral
Cara Ampuh Menghilangkan Jerawat Bruntusan di Pipi;Neutral
7 Jenis Minuman yang Baik Dikonsumsi Setelah Makan Banyak Daging;Neutral
Benarkah Cengkeh Baik untuk Kesehatan Rambut?;Neutral
"Spasojevic Mau Gilas Filipina, Ingatkan Teman Harus Siap Cetak Gol";Positive
Sanrawat Buka Suara Usai Tekel Horor 'Karateka' kepada Saddil;Negative
"Gaet Ronaldo, Follower Al Nassr Meroket Gila-gilaan";Positive
"Usai Rekrut Ronaldo, Al Nassr Pimpin Klasemen";Positive
"Top 3 Sports: Calon Lawan Indonesia di AFF, Thailand Bisa Tersingkir";Neutral
Negara yang Pertama dan Terakhir Merayakan Tahun Baru;Neutral
Faktor-Faktor yang Dapat Mempercepat Terjadinya Korosi;Neutral
Kenapa Resolusi Tahun Baru Sering Gagal?;Neutral
"5 Hewan yang Hidup di Bawah Tanah, Ada Tikus hingga Serangga";Neutral
Matinya Gerakan Literasi?;Negative
"Dosen UGM Paparkan Gejala, Penyebab dan Pengobatan Anemia";Neutral
Dosen FK Unair: Waspadai Gejala Stroke Jika Alami Hal Ini;Neutral
"Cerita dari SDN Babakan 03, Terletak di Kampung tetapi Tidak Kampungan";Positive
"Jalankan Misi Penelitian, Dosen Unsoed Ikut Jelajah Perairan Indonesia Timur";Positive
"5 Cara Melawan Rasa Malas Masuk Sekolah, Siswa Harus Coba";Neutral
Mengapa Serangan Bom Bunuh Diri Makin Sering Terjadi di Pakistan?;Neutral
MUI Yakin Polri Profesional Tangani Kasus Penodaan Agama Panji Gumilang;Positive
"Disebut Rocky Gerung 'Bajingan', Jokowi: Saya Kerja Aja";Negative
Respons Santai Rocky Gerung Usai Dilaporkan Dugaan Hina Jokowi: Hak Mereka;Neutral
Jumat Horor di Gedung KPK;Negative
"Antisipasi Cuaca Buruk, Menhub Minta Aspek Keselamatan Transportasi Diperketat";Positive
"Totalnya 142 Kilometer, Ini Ruas Tol yang Beroperasi Tahun 2022";Positive
"Jumlah Kamar Penginapan 788.982 Unit, Terbanyak di Provinsi Ini";Neutral
"Puncak Arus Balik, Contraflow Berlaku di Tol Japek KM 57-KM 47";Neutral
"Kawasan Pantai Malalayang dan Bunaken Tuntas Dipersolek, Ini Potretnya";Positive
"10 Resep Paling Viral di Indonesia pada 2022, Kamu Pernah Bikin?";Neutral
"9 Makanan Viral 2022, Salah Satunya Risol Mayones";Neutral
"Resep Sup Krim Jagung dan Kentang, Pakai Jagung Manis yang Belum Sempat Dibakar";Neutral
"10 Resep Paling Viral di Dunia pada 2022, Ada Overnight Oats dan Pasta Salad";Neutral
"Resep Jagung Goreng Mayo, Bisa Pakai Sisa Bakaran Tahun Baru";Positive
4 Gejala Alzheimer yang Sering Diabaikan;Neutral
Kenali Penyebab dan Efek Kesepian pada Kesehatan;Neutral
5 Makanan untuk Meningkatkan Daya Tahan Tubuh;Positive
Mengenal Gejala dan Cara Mengatasi Sindrom Kelelahan Kronis;Neutral
5 Cara Mencegah Kepanasan Saat Hamil;Neutral
Puncak Gunung Gede Pangrango Dilaporkan Membeku Imbas Kemarau;Negative
"Kronologi Penggerebekan Markas KKB di Yahukimo, 2 Orang Tewas";Negative
"Tepergok Curi HP, Pria di Flores Timur Tewas Dikeroyok Warga";Negative
"Komplotan Pencuri Baterai di 4 Tower Telekomunikasi Sintang Kalbar, 5 Orang Ditangkap";Negative
"Guru Dikatapel Orangtua Murid di Bengkulu, Pihak Sekolah Lapor Polisi";Negative
Tulus Ajak Penonton JIEXPO New Year ReSOULution Karaoke Bersama;Positive
"Ungkap Perasaan tentang Lee Jong Suk, IU: Dia Orang yang Aku Percaya";Positive
Cerita Maudy Ayunda dan Respons Ibunya Saat Dinilai Berhasil Mendidik Dua Anak;Positive
"Rafathar hingga Cipung Ikut Cium Mamih Popon, Raffi Ahmad: Udah Enggak Sakit Lagi ";Positive
"Jadi Sorotan, YouTube Rewind 2022 Rangkum Peristiwa Penting Dalam dan Luar Negeri";Positive
"Tak Bayar Pajak Kendaraan 2 Tahun Jadi Bodong, Ini Dasar Hukumnya";Neutral
8 Juta Orang Bepergian dengan Angkutan Umum Selama Nataru;Positive
"Jadwal Ganjil Genap dan One Way di Puncak Hari Ini, Arah Jakarta Mulai 11.30 WIB";Neutral
"Lampu Senja Mobil Mati, Amankah untuk Berkendara di Jalan Tol?";Neutral
"Tarif Tol Tangerang-Merak Naik, Total Rp 61.500";Negative
"Kisah Lato-lato, Senjata Koboi yang Kini Kembali Viral";Neutral
"Prasasti Harinjing, Asal-usul Hari Jadi Kediri";Neutral
Latar Belakang Lahirnya Nahdlatul Ulama;Neutral
"Sejarah Basilika Santo Petrus, Gereja Terbesar di Dunia";Neutral
"Sejarah Tenis Meja, Sudah Ada Sejak Abad 19";Neutral
"Tren Bisnis Tahun 2023, dari Makanan Ringan hingga Ruang Baca";Neutral
6 Tips Penting Lakukan Promosi di TikTok agar Live Banjir Penonton!;Neutral
UMKM di Kampoeng Heritage Kajoetangan Malang Keluhkan Sepinya Pembeli;Negative
3 Cara Meningkatkan Penjualan Saat Membangun Usaha;Neutral
5 Skill Penting yang Harus Dimiliki untuk Membangun Bisnis MUA ;Neutral
"Buat Pegawai yang Mau Wujudkan Mimpi, Temukan Solusinya di Sini!";Positive
Bayar Belanjaan Jadi Lebih Simpel Pakai QRIS di myBCA;Positive
Enesis Group Gandeng BPBD Kabupaten Lumajang Salurkan Bantuan kepada Warga Terdampak Erupsi Semeru;Positive
Ingin Kulit Tangan Lembap dan Cerah? Gunakan Softness Creator Hand Butter dari Lavojoy;Positive
Atasi Masalah Rambut Rontok dengan Hold Me Tight Shampoo dan SOS Nourishing Conditioner dari Lavojoy;Positive
10 Roket Antariksa yang Gagal Tuntaskan Misi di 2022;Negative
"BMKG Sebut 4 Faktor Sebabkan Banjir Semarang, Ingatkan Cuaca Buruk";Negative
Seperti Apa Kiamat?;Neutral
"Sama-sama Urus Antariksa, Simak Beda Anggaran NASA dan BRIN 2023";Neutral
BMKG Sebut Ada 4 Gempa Susulan di Cianjur di Awal 2023;Negative
Heboh Presiden UFC Dana White Tampar Istri;Negative
Pereli Ken Block Tewas Dalam Kecelakaan Mobil Salju;Negative
Adu Cepat Balap Mobil dari Kayu di Thailand;Positive
Update Ranking BWF: Jonatan Christie Tembus 3 Besar Dunia!;Positive
Peluncuran dan Hitung Mundur PON Aceh-Sumut Digelar 21-22 Januari;Neutral
"Selama Nataru, 8,3 Juta Orang Bepergian dengan Angkutan Umum ";Neutral
Bagaimana Kondisi Makro Ekonomi Indonesia Selama 2022? Ini Kata Pengamat;Neutral
"Perjalanan Kereta Terlambat dan Memutar akibat Banjir, KAI Minta Maaf";Negative
"Rincian Harga Emas Hari Ini di Pegadaian, dari 0,5 Gram hingga 1 Kg";Neutral
"Kereta Harus Memutar Via Jalur Selatan akibat Banjir, Ini Daftarnya";Negative
Prabowo Sebut Anies Profesor dan Ganjar Gubernur;Neutral
Prabowo Sindir Eropa yang Gugat Jokowi: Indonesia Tak Boleh Sejahtera?;Positive
Bareskrim Naikkan Dugaan Penistaan Agama Panji Gumilang ke Penyidikan;Positive
Bareskrim Naikkan Dugaan Penistaan Agama Panji Gumilang ke Penyidikan;Positive
Video: Buka-Bukaan Ganjar Soal Calon Terkuat Bacawapres;Neutral
"Teman Seangkatan Ganjar: Meski Ganjar Susah, tapi Ia Tanggung Sendiri";Positive
Video: Buka-Bukaan PDIP Soal 5 Calon Kuat Bacawapres Ganjar!;Neutral
"PSI, Dulu Dukung Ganjar, Kini Mendekat ke Prabowo";Neutral
Membaca Blusukan Ganjar;Neutral
"Demam Cristiano Ronaldo di Arab Saudi, Fans Buru Jersey Al Nassr CR7";Positive
Messi Ucap Selamat Tinggal untuk 2022: Tahun yang Tak Terlupakan...;Positive
Vinicius Jadi Korban Rasisme: La Liga Tak Bertindak Apa-apa;Negative
"Indonesia di Piala AFF 2022: Main Media Sosial, Ada Sanksi Moral";Neutral
"Hasil Nottingham Vs Chelsea 1-1, Rekor Buruk Laga Tandang The Blues Berlanjut";Negative
"Jokowi Dihina Rocky Gerung, Mahfud: Itu Delik Aduan, Presiden Enggak Mau Mengadu";Negative
"Imigrasi Tangkap Pelaku Penyelundupan Manusia di Bandara Soekarno-Hatta, Ini Kronologinya";Negative
Sadisnya Empat Sekuriti Taman Impian Jaya Ancol Aniaya Pria hingga Tewas ;Negative
Tanggal 4 Agustus Memperingati Hari Apa?;Neutral
Mahkamah Agung Tolak Kasasi Mardani Maming;Negative
Jadwal Sementara MotoGP 2023: Mandalika Seri ke-16;Neutral
Daftar Lengkap Rider dan Tim Balap MotoGP 2023;Neutral
Bastianini Bicara tentang Rivalitas dengan Bagnaia dan Marc Marquez;Neutral
Atlet Berkuda Ini Pindah ke Jakarta demi Ikut Banyak Kompetisi;Positive
Victoria Lee: Atlet Berkuda Surabaya Mengadu Nasib di Ibukota;Neutral
Prediksi Cuaca BMKG 1 Januari 2023: Hujan di Jabodetabek;Neutral
Jadwal Lengkap Hujan Meteor 2023: Desember Terbanyak;Positive
"Jadwal Gerhana Matahari dan Bulan 2023, Ada yang Terjadi saat Ramadan";Neutral
Jadwal Fenomena Matahari 2023;Neutral
Jadwal Penampakan dan Fenomena Planet Tahun 2023;Neutral
Jadwal Pertandingan M4 World Championship dan Pembagian Grup;Neutral
Jadwal RRQ Hoshi dan Onic Esports di Mobile Legends M4 World Championship;Neutral
Xiaomi Redmi 12C Meluncur dengan Helio G85 dan Baterai 5.000 mAh;Neutral
"Bos Desainer Mercedes-Benz Pindah ke Samsung, Ditugasi Rancang Galaxy S dan Z";Neutral
"Hasil Mobile Legends M4 Hari Pertama, Onic Esports Gagal Dapat Poin";Negative
"Berniat Turunkan Berat Badan di Tahun 2023, Hindari Makanan Berikut ";Neutral
9 Inspirasi Warna untuk Dicoba di Tahun 2023 ;Neutral
Tren Sepatu yang Populer dan Ketinggalan Zaman di Tahun 2023;Neutral
5 Alasan Kurma Bisa Menurunkan Berat Badan;Positive
5 Tips Melembapkan Kulit dengan Tepat Menurut Ahli Dermatologi;Positive
Dibuka Rekrutmen Bintara TNI AL 2023 bagi Lulusan SMA/SMK;Neutral
"Rekrutmen Tamtama TNI AL 2023 bagi Lulusan Minimal SMP, Cek Cara Daftarnya";Neutral
Kemenag Dorong Peningkatan Guru Besar di PTKIN;Neutral
"PTPN XII Buka Lowongan Kerja Lulusan SMA Sederajat, Ini Kriterianya";Neutral
"Intip Gaji Fresh Graduate di 10 Negara Asia, Indonesia Nomor Berapa?";Neutral
Shindong Super Junior Pacaran dengan Kalangan Non-Seleb;Positive
Proyek Lanjutan Game of Thrones Kena Imbas Gejolak HBO Max;Neutral
"Siap-siap, Ada 16 Konser Besar Januari-Maret 2023 di Indonesia";Positive
Jadwal Bioskop Trans TV 2-8 Januari 2023;Neutral
Istri Indra Bekti Buka Alasan Gelar Penggalangan Dana;Positive
"Banjir Landa Semarang, Pertamina Gerak Cepat Salurkan Bantuan Bright Gas dan Sembako";Positive
"Lakukan Evaluasi Berkala, Pertamina Sesuaikan Harga Pertamax dan Dex Series";Neutral
"Atasi Isu Food Waste, PHMHOTELS Jalin Kerja Sama dengan FoodCycle Indonesia";Positive
"Pastikan Liburan Nataru Aman dan Nyaman, Antis Gandeng Pertamina Retail Sediakan Hand Sanitizer di SPBU";Positive
"Banjir Belum Surut, Pertamina Kirim Bantuan Bright Gas dan Sembako ke Dua Dapur Umum di Pati";Positive
Arus Balik Libur Nataru ke Jakarta Diperkirakan Terjadi Sore Ini;Neutral
Uji Performa Serta Ketangguhan BMW X7 di Dalam dan Luar Kota;Positive
Sandiaga Uno Minta Transportasi buat Industri Pariwisata Harus Aman;Positive
"Terungkap, Ini Sosok Motor Listrik Baru Gesits";Neutral
"Siksa BMW X7 di Medan Offroad, The President Diajak Main Air";Positive
Shin Tae Yong Dilema Indonesia Lawan Filipina di Lapangan Sintetis;Neutral
3 Syarat STY Agar Indonesia Juara Grup A Piala AFF 2022;Neutral
FOTO: Laris Manis Jersey Ronaldo di Al Nassr;Positive
3 Pemain Filipina yang Ikut Tertawa Saat Membantai Indonesia 4-0;Negative
Barcelona vs Espanyol: Wasit 'Musuh' Messi Batal Usir Pemain;Neutral
"Buka Penampilan di JIEXPO New Year ReSOULution, Tulus Bawakan Lagu Ruang Sendiri dan Monokrom";Positive
IU Tulis Surat Setelah Dikonfirmasi Berpacaran dengan Lee Jong Suk;Positive
"Kondisi Indra Bekti Menurun, Aldila Jelita: Plis, Kamu Kuat Sayang";Negative
"Shindong Super Junior Dikonfirmasi Pacaran, Tapi Belum Ada Rencana Menikah";Positive
"Kerja ke Luar Kota, Indy Barends Sempatkan Jenguk Indra Bekti";Positive
VIDEO: Warga Kyiv Rayakan Tahun Baru 2023 di Tengah Raungan Sirene;Negative
Sosok Paus Benediktus di Mata Paus Fransiskus: Begitu Mulia;Positive
FOTO: Rona Euforia Dunia Rayakan Detik-detik Tahun Baru 2023;Positive
"Kasus Covid-19 Tinggi di China, Taiwan Janji Ulurkan Tangan";Positive
5 Fakta Mendiang Paus Benediktus XVI: Paus Pertama yang Undur Diri;Neutral
"7 Hewan Paling Setia di Dunia, dari Angsa hingga Serigala";Positive
Tantangan Akurasi Prediksi Cuaca Indonesia;Neutral
Kenapa dalam Seminggu Ada 7 Hari?;Neutral
Mengapa Gempa Dangkal seperti Gempa Cianjur Lebih Destruktif?;Neutral
"Ular Weling, Ular Berbisa yang Hidup di Indonesia";Neutral
"Tahun Baru di Kota Batu Diwarnai Hujan, Warga Beralih Kulineran";Neutral
"Semarang Banjir, Ini 6 Tempat Wisata yang Terdampak";Negative
"Cegah Kecelakaan Terjadi Lagi, Sandiaga Teken SE Keselamatan Transportasi Wisata";Positive
"Tips Berkunjung ke Museum Polri, Siapkan Kamera yang Memadai";Neutral
Kebun Binatang Jurug di Kota Solo Akan Buka Lagi Akhir Januari 2023;Positive
"Barcelona Vs Espanyol, Xavi Sesali Hasil Imbang: Semua Salah Kami...";Negative
"Hasil Brighton Vs Arsenal: Menang 4-2, The Gunners Jauhi Man City";Positive
Luis Suarez Tolak Klub Arab Saudi untuk Gabung Gremio;Positive
"Klasemen Liga Spanyol: Hujan Kartu Derbi Catalan, Barcelona dalam Tekanan";Neutral
"Wolves Vs Man United, Penyebab Rashford Kena Sanksi Disiplin";Neutral
5 Burung Berwarna Kuning yang Dapat Dipelihara di Rumah;Neutral
3 Tips Dekorasi Rumah di Tahun Kelinci Air agar Hoki;Positive
Berapa Ukuran Karpet yang Ideal di Ruang Tamu?;Neutral
6 Aturan Membersihkan Rumah untuk Mereka yang Sibuk;Neutral
4 Ide Mendekorasi Balkon Rumah yang Menarik dan Mengundang;Positive
"Simpang Temu Lebak Bulus Resmi Dibuka, Begini Penampakannya";Neutral
"[POPULER PROPERTI] 1 Januari 2023, 4.175 Tiket Bakal Ludes Terjual";Neutral
"Tak Termasuk Jakarta, Ini Lima Provinsi dengan Jumlah Hotel Terbanyak";Neutral
"Berkendara Aman di Jalan Tol, Ketahui Bedanya ""Blind Spot"" dan ""Black Spot""";Neutral
"Penyelamat Kemacetan di Jalan Tol, Apa Itu Mobile Reader?";Neutral
"PNS Bisa Punya Rumah di IKN, Pemerintah Siapkan Skema KPR";Positive
"Harga Tiket Kapal Pelni Naik 23%, Dirut Sebut 10 Tahun Tidak Disesuaikan";Negative
Warga Eropa Berburu Alat Pendingin untuk Hadapi Panas Ekstrem;Negative
Tokopedia Turunkan Biaya Jasa Aplikasi Jadi Rp 1.000 Sepanjang Agustus;Positive
"Dari Bankir, Kini Pimpin Diplomasi Ekonomi Global RI";Positive
7 Tanda Micro Cheating yang Bisa Merusak Hubungan;Neutral
"Yuk Bermain di Trans Studio Bali, Indoor Theme Park Berkelas Dunia";Positive
"7 Cara Ampuh Melupakan Cinta Tak Berbalas, Jangan Cari 'Pelarian'";Neutral
"7 Manfaat Minyak Zaitun untuk Rambut, Melembapkan hingga Basmi Kutu";Positive
FOTO: Ramai-ramai Warga Serbu Apotek Ganja Pertama di New York;Positive
"Jay Y Lee, Putra Mahkota Samsung yang Pernah Terlibat Skandal Suap";Neutral
Jasamarga Terapkan Contraflow dari KM 57-47 Arah Jakarta Tol Japek;Neutral
Perppu Ciptaker Gantikan Beberapa Pasal di 4 UU Soal Ketenagakerjaan;Neutral
Perppu Ciptaker Tetap Hapus Hak Pekerja Libur 2 Hari dalam Seminggu;Negative
KADIN Dukung Perppu Cipta Kerja yang Beri Kepastian Investor;Positive
"Cara Mengubah Hobi Menggambar jadi Cuan, Yuk Intip Pekerjaannya...";Positive
Tips dan Trik Memasarkan Jasa Menggambar dan Melukis;Neutral
Solok Selatan Expo Digelar untuk Dorong Kemandirian UMKM;Positive
"Libur Tahun Baru, PKL di Alun-alun Kota Batu Raup Kenaikan Omzet ";Positive
5 Pilihan Bisnis yang Bisa Dicoba Bareng Pasangan;Neutral
Unair Batalkan Seminar yang Dihadiri Rocky Gerung;Negative
Istri di Semarang Selundupkan Pil Koplo di Dalam Bra untuk Suaminya yang Sedang Dipenjara;Negative
"Tolong Pengendara Motor Kecelakaan di Sleman, Warga Terkejut Korban Bawa Pedang";Neutral
"Nekat Berjualan di Kawasan Steril, 22 PKL di Solo Dikenai Sanksi Tipiring ";Negative
Pemprov Papua Antisipasi Dampak Kekeringan akibat Kemarau;Neutral
Polisi Masukkan Penculik Anak di Gunung Sahari dalam DPO;Negative
Luka Wabup Kaur Bengkulu karena Ledakan Petasan Cukup Serius;Negative
FOTO: Perayaan Tahun Baru 2023 di Sudirman-Thamrin;Positive
"Hujan, 15 Ruas Jalan di DKI Jakarta Tergenang Air";Negative
Alasan Jokowi Terbitkan Perppu Cipta Kerja yang Gugurkan Putusan MK;Neutral
"Prabowo Ungkap Isi Pertemuan dengan Jokowi dan Erick Thohir, Terkait Pilpres?";Neutral
Fauzi Baadilla Klaim akan Ada Deklarasi Dukungan Pendukung Jokowi ke Prabowo;Neutral
Riwayat Prabowo Dijuluki 08 Sejak Berpangkat Kapten TNI;Neutral
Elektabilitas Prabowo dan AHY Jika Gerindra-Demokrat Berkoalisi;Neutral
Ketua Projo Ungkap Alasan Sebut Jokowi Cenderung ke Prabowo;Neutral
"Membandingkan Biaya Admin BRI, BCA, Bank Mandiri, hingga BNI";Neutral
"Mulai 16 Januari, Pembayaran KRL Tak Bisa Lagi Gunakan Aplikasi LinkAja";Negative
Daftar UMR di Wilayah Jawa Timur Berlaku per 1 Januari 2023;Neutral
"[POPULER MONEY] Gaji Minimal Rp 5 Juta Kena Pajak 5 Persen | Modal, Syarat dan Cara Daftar Franchise Mixue";Neutral
Mau Belanja? Simak Daftar Promo di Mal-mal Ini;Positive
Latar Belakang Ketahanan Nasional;Neutral
"Tujuan PBB, Organisasi Internasional Terbesar di Dunia";Neutral
"Riwayat Stasiun Semarang Tawang, Cagar Budaya Langganan Kebanjiran";Neutral
Apa Arti Penting Kemerdekaan bagi Bangsa Indonesia?;Positive
Daftar Paus Gereja Katolik ;Neutral
"Makna Satu Kata Ganjar, Anies, Prabowo Mengawali Genderang Pilpres";Neutral
Airlangga soal Pergantian Ketum Golkar: Silakan Kalau Minat di 2024;Neutral
Erick Thohir Adukan Podcast Tempo ke Dewan Pers;Negative
"Gestur Capres: Ganjar Membumi, Anies Superior, Prabowo Mirip Jokowi";Neutral
"Revisi UU Desa, Simbiosis DPR dan Kades Jelang Pemilu 2024";Neutral
Kaleidoskop Hoaks 2022: Beragam Informasi Keliru soal Tragedi Kanjuruhan;Negative
Cek Fakta Sepekan: Hoaks Tornado Cilegon hingga Imbauan Tidak ke Anyer;Neutral
Benarkah Tabung Gas Bocor Cukup Direndam Air agar Tidak Meledak?;Neutral
"[HOAKS] Merendam Kaki di Campuran Minyak Tanah, Garam Dapur, dan Es Batu Berkhasiat Obati Asam Urat";Negative
Mengapa Paus Benediktus XVI Mengundurkan Diri pada 2013?;Neutral
8 Cara Menurunkan Berat Badan di Usia 50 Tahun ke Atas;Neutral
"Presiden Jokowi Keluarkan Perppu Cipta Kerja, Ini Alasan dan Isinya";Neutral
"Daftar Hari Besar Nasional Januari 2023, Ada Libur atau Tanggal Merah?";Neutral
5 Sayuran yang Sebaiknya Tidak Dikonsumsi Penderita Diabetes;Neutral
"Beli Gas Elpiji 3 Kg Wajib Pakai KTP di 2023, Begini Caranya";Neutral
Kenali Gejala Alzheimer di Usia Muda dan Penyebabnya;Neutral
Mengenal Efektivitas Olahraga Malam Hari untuk Menurunkan Berat Badan;Neutral
"Orang Dewasa Juga Bisa Tantrum, Begini Cara Mengatasinya";Neutral
4 Gejala Diabetes yang Sering Tak Disadari;Neutral
5 Cara Eksfoliasi Wajah Berdasarkan Jenis Kulit;Neutral
[UNIK GLOBAL] Semua Planet di Tata Surya Terlihat di Langit Malam Bersamaan | Nelayan Terapung di Samudera Atlantik;Positive
Rangkuman Hari ke-311 Serangan Rusia ke Ukraina: Komitmen Ukraina Perkuat Diri | Putin Undang Xi Jinping;Neutral
Taiwan akan Kirim Utusan Khusus Hadiri Pemakaman Paus Benediktus;Neutral
Pidato Tahun Baru Zelensky: Kembalikan Ukraina Kami!;Negative
Presiden Taiwan Tawarkan China Bantuan Tangani Ledakan Covid-19;Positive
Bedanya Peraturan Tertulis dan Tidak Tertulis;Neutral
Sumber Perekonomian Utama Brunei Darussalam;Neutral
Soal dan Jawaban Perkalian dan Pembagian Suku Banyak dengan Bilangan;Neutral
Mengapa Sungai Mengalir dari Dataran Tinggi ke Dataran Rendah?;Neutral
"Mengenal Upacara Rujena, Provinsi Maluku";Neutral
"Resep Corndog ala Korea, Pakai Sisa Sosis Bakaran Tahun Baru";Neutral
"Resep Tumis Jagung Mentega, Pakai Sisa Bumbu Olesan Jagung Bakar";Neutral
"Resep Lodeh Terong Bumbu Iris, Masakan Berkuah Santan Ala Rumahan ";Positive
"Resep Oliebollen, Donat Goreng Khas Belanda dari Bahan Simpel";Neutral
"Resep Choux Au Craquelin, Kue Sus Topping Gula Aren dan Mentega";Positive
"Polisi Sebut Karenina Anderson ""Hanya"" Pemakai, Kemungkinan Besar Direhabilitasi";Neutral
Pesan Syukur Jokowi-Ma'ruf Amin Setelah Indonesia Merdeka dari Covid-19;Positive
Pemprov DKI Ingatkan Kendaraan Tak Lulus Uji Emisi Bakal Ditilang;Negative
"Heru Budi Resmikan Taman ASEAN, Ada Ornamen Simbol Persahabatan Negara";Positive
"Laporkan Rocky Gerung atas Dugaan Menghina Jokowi, Ferdinand Hutahaean Diperiksa Polda Metro";Neutral
Razman Minta Pemeriksaan Diundur Terkait Kasus Pencemaran Nama Baik;Neutral
"6 Warga Papua Meninggal, Wapres Minta Bencana Kekeringan Diantisipasi";Negative
"Ichsan Loulembah, Jurnalis yang Aktivis";Neutral
"Ditangkap Terkait Narkoba, Karenina Anderson Disebut Pemakai";Negative
PSI: Kami Senang Front Runner Capres Mau Kunjungi Bocil Ingusan;Positive
Monas Buka atau Tidak pada Awal 2023;Neutral
Turis AS dan Cilacap Jadi Pengunjung Pertama Candi Borobudur Tahun 2023;Positive
"Meriahnya Suasana Tahun Baru 2023 di TMII, Panggung Utama Ramai";Positive
"7 Aktivitas Wisata di Museum Polri, Naik Sepeda Ontel di Mesin Waku";Positive
"9 Perayaan Tahun Baru Termegah di Dunia, Bertabur Pesta Kembang Api";Positive
Bamsoet Ungkap Capaian IMI Gelar Kejurnas Olahraga Mobil-Motor di 2022;Positive
Red Bull: Ferrari dan Mercedes Akan Bangkit di F1 2023;Neutral
"Please Yamaha, Quartararo Sudah Mentok Banget Musim Lalu";Neutral
Gregoria Senang Bisa Pecah Telur Atas He Bing Jiao;Positive
Malaysia Open 2023: Dejan/Gloria Melangkah ke 16 Besar;Positive
Pemakaman Paus Benediktus Bakal Berlangsung Sederhana;Neutral
China vs AS dan Sekutu Ancang-ancang Siaga Tempur;Negative
"Menteri Israel ke Masjid Al-Aqsa, Hamas Wanti-wanti Perang";Negative
VIDEO: Detik-detik Jet Tempur China Pepet Pesawat AS di LCS;Negative
Terungkap Detik-detik usai Puluhan Tentara Rusia Tewas Dihajar Ukraina;Negative
"3 Beras Terbaik untuk Cegah Kenaikan Gula Darah, Ganti Nasi Putih Anda";Neutral
"30 Ucapan Selamat Tahun Baru 2023, Penuh Semangat Buka Lembaran Baru";Positive
7 Ciri-Ciri Pasangan Setia Mencintai dengan Tulus;Positive
11 Makanan Penyubur Sperma agar Istri Cepat Hamil;Positive
"13 Inspirasi Gaya Rambut Pria di 2023, Keren dan Rapi";Positive
Cara Membuat Steak Daging Sapi dan Saus yang Mudah serta Praktis;Neutral
"5 Makanan yang Diminati Masyarakat Indonesia pada 2022, Akankah Berlanjut? ";Neutral
"Resep Ayam Panggang Yoghurt, Tekstur Empuk dan Rasa Manis Asam";Positive
"Resep Chicken Salad Barbeque, Manfaatkan Sisa Saus Tahun Baruan";Neutral
"Cara Olah Sisa Bakaran Tahun Baru, Buat Chicken Burger Barbeque";Positive
20 Contoh Kalimat Petunjuk;Neutral
"Jangan Tertukar, Ini Pengertian Generasi X, Z, Milenial, dan Baby Boomers";Neutral
3 Jenis Karya Ilmiah dan Penjelasannya;Neutral
Soal dan Jawaban Mencari Persamaan Garis yang Melalui Dua Titik;Neutral
Soal dan Jawaban Nilai Rata-rata;Neutral
5.000 Wisatawan Ramaikan Konser Pergantian Tahun 2023 Besutan Injourney;Positive
"JJP Hadirkan Dialog tentang Kesehatan Mental ""Doing Good for Others Week""";Positive
"Pasok Energi Bersih, PLN Bangun 59 Anjungan Listrik Mandiri di Pelabuhan Rakyat pada 2022";Positive
"Realme 10 Pro+ 5G, Smartphone Kelas Menengah dengan Fitur Premium";Neutral
"Ini Dia Pemenang Bolaphoria, Apakah Kamu Salah Satunya?";Positive
Berburu Diskon Biar Nggak Boncos Kejar Resolusi Sehat di Tahun Baru;Positive
"Tahun Baru 2023, Harga BBM VIVO Turun!";Negative
Begini Skema Penetapan Upah yang Diatur Jokowi Dalam Perppu Cipta Kerja;Neutral
"Pertamina Mau Umumkan Harga BBM Baru Sore Nanti, Naik Atau Turun?";Neutral
Pegawai BSI Sujud Syukur Serentak;Positive
"'Hadiah' 2023, Tarif Tol Tangerang-Merak Akan Naik per 3 Januari Besok";Negative
Jokowi: Kita Berharap di 2023 Ekonomi Masih di Atas 5 Persen;Positive
Meneropong Pergerakan Saham di 2023;Neutral
Biaya Umrah Bisa Naik Imbas Tarif Hotel di Makkah Melesat 300 Persen;Negative
"Harga BBM Vivo Turun di Tahun Baru, Kembaran Pertalite Jadi Rp12 Ribu";Positive
Asal-usul Nama Bulan dalam Kalender Masehi;Neutral
"Sinusitis Hingga ke Telinga Sering Berulang, Bagaimana Mengatasinya?";Neutral
5 Makanan untuk Mengatasi Kelelahan dan Menambah Energi ;Neutral
Meneropong Perang Antariksa: Film Versus Realita;Neutral
Apakah Mineral Paling Langka di Bumi?;Neutral
20 Kalimat Afirmasi Diri untuk Membuat Kita Tetap Semangat;Positive
"Serupa tapi Tak Sama, Ini Bedanya King Cobra Vs Cobra";Neutral
6 Manfaat Minyak Kemiri untuk Rambut dan Cara Membuatnya;Positive
Deretan Kegiatan Menarik di Hari Pertama Tahun 2023 ;Positive
"7 Makanan Pembawa Keberuntungan di Tahun 2023, Wajib Coba!";Positive
Mengenal Tanda-tanda Burnout dan Cara Mengatasinya;Neutral
"7 Manfaat Vitamin B7, Meningkatkan Metabolisme dan Tampilan Awet Muda";Positive
Angka Kebutuhan Vitamin B7 dan Sumbernya;Neutral
5 Cara Mudah Menjaga Kesehatan Vagina;Positive
Mengenal Penyebab dan Cara Mengatasi Sperma Encer;Neutral
Alasan Ronaldo Gabung Al Nassr: 'Patah Hati' dengan Madrid;Neutral
Klasemen Liga Inggris: Arsenal Kabur dari Kejaran Man City;Neutral
Situasi yang Bisa Membuat Indonesia Tersingkir dari Piala AFF 2022;Negative
Kapten Filipina Ingin Jegal Indonesia ke Semifinal Piala AFF 2022;Neutral
SMASHOT: Sengit Duel Penutup Tahun;Neutral
Ini yang Diucapkan Ganjar saat Minta Gibran Meninggalkannya;Neutral
"Ganjar Temui Utusan Pemerintah Queensland, Bahas Peningkatan ...";Neutral
Program Kapal Listrik Ganjar Dinilai Layak Diterapkan Secara Nasional;Positive
Ungkapan Jokowi soal Pemimpin 'Lari Maraton' Dinilai Mengarah ke Ganjar;Neutral
Momen Ganjar Mendadak Minta Gibran Meninggalkannya saat Kunjungi Solo;Neutral
"Sinopsis Island, Drama Pertarungan Lawan Iblis di Pulau Jeju";Neutral
"7 Rekomendasi Film Action Jepang, Terbaru Ada Pure Japanese";Positive
"Rekomendasi 11 Film Tayang 2023, Ant-Man 3 hingga Dune Part 2";Positive
"Ridwan Kamil Disebut Bakal Main Sinetron Religi, Tayang Ramadan";Positive
Rekomendasi 7 Film Baru Tayang Januari 2023;Positive
"[POPULER OTOMOTIF] Pecah Ban saat Berkendara di Tol, Ini yang Harus Dilakukan | Sistem One Way di Serpong dan Pamulang Berlaku Efektif Awal 2023";Neutral
Honda Harus Punya Motor Bagus buat Marquez;Neutral
Begini 3 Cara Biar Hemat Pakai Motor Listrik;Neutral
"Yamaha Rilis Motor Listrik NEO’S, Lebih Murah dari NMAX";Positive
"Ingat Lagi, Ini 10 Jalan Tol Baru yang Beroperasi di 2022";Positive
"Hasil Man City Vs Everton 1-1: 6 Menit 21 Detik Terbuang, Citizens Gagal Menang";Negative
"Hasil dan Klasemen Liga Inggris: Arsenal Menangi Drama 6 Gol, Man City Tertahan";Neutral
"Usai Boyong Cristiano Ronaldo, Al Nassr Menang dan ke Puncak Klasemen Liga Arab Saudi";Positive
Top Skor Liga Inggris: Haaland Nyaman di Puncak Sambil Ukir Rekor ;Neutral
"Fajar/Rian Peringkat Satu Dunia, 2022 Jadi Tahun Terbaik";Positive
Netanyahu is Back;Neutral
"Tahun Baru, Zelensky Sebut Keinginan Satu-satunya Menang Perang";Positive
"Drone Kamikaze Rusia yang Dikirim ke Ukraina Bertuliskan ""Selamat Tahun Baru""";Neutral
"Brasil Sambut Pemimpin Baru, Lula Bersumpah Lakukan Perubahan Drastis";Positive
"Bocah Ini Dapat Hadiah Ulang Tahun Nissan GT-R R35, Harganya Gila";Positive
"5 Beasiswa S1-S3 2023 bagi Perempuan, Tunjangan Lengkap";Positive
Kenali Perbedaan Sekolah Luar Biasa dan Sekolah Inklusi;Neutral
Catatan Awal Tahun: Belajar Mendidik Tanpa Mematikan Nalar;Positive
"7 Beasiswa S1-S3 Awal Tahun 2023, Beri Kuliah Gratis dan Uang Saku";Positive
"Punya Banyak Manfaat, Ini 5 Cara Memupuk Rasa Percaya Diri Anak Sejak Usia Dini ";Positive
Kenapa 1 Januari Dianggap Awal Tahun Baru?;Neutral
"10 Manfaat Kayu Manis untuk Kesehatan, Turunkan Gula Darah hingga Cegah Kanker";Positive
"Mengenal Rafflesia Arnoldii, Bunga Terbesar dan Terbau di Dunia dari Indonesia";Positive
"Sering Tak Disadari, Ini Tanda dan Gejala Anda Mengidap Kolesterol Tinggi";Neutral
"Patah Hati Fajar ""Sad Boy"" Tak Setragis Nasib Pembersih Sungai di Jakarta";Negative
Rencana Pemerintah Pungut Cukai Plastik dan Minuman Manis di 2023;Neutral
"Harga BBM Vivo dan BP-AKR Turun, Cek Rinciannya";Neutral
"Puncak Libur Tahun Baru 2023, Angkasa Pura I Layani 176.625 Penumpang";Positive
"Antisipasi Curah Hujan Tinggi, AP I Terapkan Mitigasi di 15 Bandara Ini";Neutral
"Awali 2023 Vivo dan BP-AKR Turunkan Harga BBM, Bagaimana dengan Pertamina? ";Neutral
"Libur Natal dan Tahun Baru, 8,3 Juta Orang Bepergian via Angkutan Umum";Positive
5 Cara Cepat Bersihkan Rumah Usai Libur Tahun Baru;Neutral
Ingat! Puncak Arus Balik Tahun Baru Dimulai Pada 1 Januari 2023;Neutral
Bagian Rumah yang Bisa Dibersihkan Menggunakan Cuka dan Baking Soda;Neutral
Tips Menjaga dan Membersihkan Perabot Kayu di Rumah;Neutral
Apa yang Dimaksud Sumber Sejarah Tertulis?;Neutral
Pencetus Kalender Masehi;Neutral
Siapa Itu Aung San Suu Kyi?;Neutral
"Banjaratma, Nukilan Sejarah Penting Industri Gula";Neutral
Sejarah dan Asal-usul Ludruk;Neutral
"Realisasi Nilai Ekspor Kabupaten Batang Capai 50,61 Juta Dollar AS";Positive
Ingin SUkses Berbisnis Studio Musik? Simak 10 Tips Ini;Neutral
6 Tips Sukses Memulai Bisnis Gorengan;Positive
Cerita Claudya Christiani Membangun Bisnis Make Up Artist Sejak Kuliah;Positive
6 Cara Identifikasi Pesaing Sebelum Buka Usaha;Neutral
NASA Ungkap 'Wajah Cantik' Musim Dingin di Mars;Positive
Pakar Temukan Tanaman 'Pemakan Teman' di Jepang;Neutral
"Cara Ganti Background Zoom Meeting di Android, iPhone, dan Laptop";Neutral
"Daftar Game Tersembunyi di Google, Gratis, Lawas, dan Bikin Nostalgia";Positive
"Tak Ada Cuaca Ekstrem, BMKG Klaim TMC Efektif";Positive
Mantu Jokowi dan Prabowo Helat Pertemuan di Hotel Makassar;Neutral
Puja puji Prabowo ke Jokowi di Forum Tiga Capres di Makassar;Neutral
"NasDem Tak Undang Jokowi ke Acara di GBK, Alasan Acara Internal";Neutral
AHY: Kami Doakan Presiden Jokowi Bisa Akhiri Masa Bakti dengan Baik;Positive
[HOAKS] Hadiah Mobil dalam Rangka Tahun Baru 2023 dari Toyota;Negative
Kaleidoskop Hoaks 2022: Beragam Muslihat Giveaway di Medsos;Negative
Benarkah WHO Menetapkan Covid-19 sebagai Virus Musiman?;Neutral
Hoaks Seputar Penawaran Hadiah di Momen Natal dan Tahun Baru 2023;Negative
[HOAKS] Angkatan Udara Indonesia Menyerang Malaysia;Negative
Cara Membuat Kalender Sendiri secara Online lewat Canva;Neutral
Fitur Sederhana iPhone Selamatkan Pengendara Mobil dari Dasar Jurang;Positive
Apple Raup Pendapatan Tertinggi untuk Pasar Smartphone Global;Positive
"Apple Putar Otak Bikin Strategi Harga Baru, iPhone 15 Plus Bakal Lebih Murah?";Neutral
"Apple Naikkan Harga Ganti Baterai iPhone, iPad, dan MacBook";Negative
"Buntut Aksi Penikaman di Sekolah, Pemprov Kalsel Minta Siswa Diperiksa Pakai ""Metal Detector""";Negative
Polisi Belum Tetapkan Tersangka KasuS Perzinaan Ibu dan Menantu di Banten;Negative
"Mengenal Ponpes As’adiyah di Pulau Sebatik, Pesantren di Perbatasan RI-Malaysia yang Bakal Dikunjungi Wapres RI Ma’ruf Amin ";Positive
"Pilunya Nasib Penjaga Sekolah di Blora, Kerja 24 Jam dengan Banyak Tugas, Gajinya Hanya Rp 350.000 Per Bulan";Negative
"Melihat Tradisi Malala, Meramu Minyak Tradisional Khas Sumbawa Saat Muharam";Neutral
Harapan Tulus di Tahun 2023: Makin Banyak Orang yang Sehat Jiwa dan Raganya;Positive
[POPULER HYPE] Lee Jong Suk dan IU Pacaran | Kondisi Terkini Indra Bekti | Nenek Raffi Ahmad Meninggal;Neutral
"Mamih Popon, Nenek Raffi Ahmad Meninggal Dunia ";Neutral
Amy Qanita Kisahkan Detik-detik Mamih Popon Berpulang;Neutral
5 Film yang Tayang di Televisi 1 Januari 2023 ;Neutral
"Ketum LDII ke Istana, Undang Jokowi Buka Rakernas-Bahas Pemilu 2024 Damai";Positive
"Kontribusi untuk Golkar Dipertanyakan, Bahlil Beri Jawaban Menohok";Positive
Syarief Hasan Ingatkan Pentingnya SNI untuk Jamin Kualitas Produk UMKM;Positive
Alasan Shane Chat Pacar 'Mau Temani Dandy Fighting': Biar Dibilang Keren;Negative
"Pakar Tak Setuju SIM Berlaku Seumur Hidup, Pengawasan ke Pengendara Turun";Negative
Polri Belum Terima Pengajuan Penangguhan Penahanan Panji Gumilang;Neutral
Ma'ruf Amin Minta Santri Al Zaytun Dibina Agar Tak Menyimpang;Positive
VIDEO: Momen Jokowi Jajal Lagi Uji Coba LRT Jabodebek ke Dukuh Atas;Positive
Jokowi Jajal Uji Coba LRT Harjamukti-Dukuh Atas Bareng RK dan Erick;Positive
"Mudah dan Aman, Cek Saldo di BRImo Kini Bisa Lewat Chat Banking";Positive
"Pesan Jokowi soal Cawapres Ganjar: Lihat Rekam Jejak, Keluarga, dan Asal-Usulnya";Neutral
"Usai Hadiri Acara Ultah AHY, Puan Sebut Bakal Lakukan Pertemuan Lanjutan";Neutral
"Soal Pengganti Dirinya, Jokowi: Bukan Siapa Presidennya, tapi yang Berani dan Konsisten ";Positive
Pakar Sebut TNI Tak Bisa Jadi Pengacara Sipil Hanya Berlandaskan SEMA;Neutral
"Warga Eks Kebon Harjo Kini Huni Rusun Semarang Hebat, Mbak Ita: Ini Berkat Dukungan Mas Vino";Positive
6 Tips dan Trik untuk Tampilan Rumah Cantik dan Mewah;Positive
Cara Menanam dan Merawat Tanaman Lidah Mertua;Neutral
Cara Mengusir Nyamuk di Pot Tanaman Teras Rumah;Neutral
"Jangan Gunakan Sabun Cuci Piring di Mesin Cuci, Kenapa?";Neutral
"6 Barang yang Tidak Boleh Disimpan di Ruang Bawah Tanah, Ini Alasannya";Neutral
Jokowi Bantah Bahas Politik dengan Sandiaga di Istana Kemarin;Neutral
"Jokowi Buka Gelar Batik Nusantara 2023, Sandiaga-Kapolri Hadir";Positive
Sandiaga Uno Beber Sebab Coldplay Cuma Konser Sehari di Jakarta;Neutral
Jokowi Klaim Tak Bahas Politik dengan Prabowo dan Sandiaga di Istana;Neutral
Khofifah Tolak Tanggapi Tawaran Sandiaga untuk jadi Timses Ganjar;Neutral
Presiden Jokowi Ajak Masyarakat Syukuri Situasi Bangsa Indonesia Kembali Pulih;Positive
"Kunjungi Pasar Parungkuda, Presiden Jokowi Tinjau Harga ...";Neutral
"Ganjar dan Prabowo Terus Dekat dengan Jokowi, Anies: Sesuatu yang Normal - Kompas.com";Neutral
Anies Jawab Tudingan Akan Setop IKN Jokowi Kalau Jadi Presiden;Neutral
Anies Jawab Tudingan Akan Setop IKN Jokowi Kalau Jadi Presiden;Neutral
Prabowo: Kita Tak Malu-malu Katakan Bagian Tim Pemerintahan Jokowi;Positive
"PAN-Golkar Dukung Prabowo, Zulhas: Tak Ada Arahan dari Jokowi";Neutral
Zulhas: Perjuangan Prabowo Harus Dituntaskan Demi Lanjutkan Capaian Jokowi;Positive
"Golkar-PAN Merapat ke KKIR, PKS: Bravo Pak Jokowi, Eh Bravo Pak Prabowo";Neutral
Relawan Jokowi Dapat Info Cawapres Prabowo Mengerucut ke Erick dan Gibran;Neutral
"Pantun Bamsoet di Depan Jokowi: Ganjar, Prabowo, atau Anies, Pembangunan Harus Dilanjutkan";Positive
"Survei Capres Voxpol: Prabowo 36,5%, Ganjar 30,4% dan Anies 26,4%";Neutral
Hasil 22 Survei Terbaru Capres: Anies Vs Ganjar Vs Prabowo;Neutral
Ganjar Pranowo Bakal Sat-set Lanjutkan Pembangunan Era Jokowi;Positive
"Bamsoet Sebut Nama Ganjar Pranowo dan Anies Baswedan di Pidatonya, Singgung Soal Ini";Neutral
Anies Komentari Kedekatan Ganjar-Prabowo dengan Jokowi;Neutral
Anies Jawab Tudingan Akan Setop IKN Jokowi Kalau Jadi Presiden;Neutral
"Seperti Jokowi, Anies Lempar Kuis Berhadiah Sepeda saat Pergelaran Wayang PKS";Positive
Demokrat Berpeluang Merapat ke Koalisi Gerindra jika AHY Tak Dipilih Anies Jadi Cawapres - Kompas.com;Neutral
Anies Baswedan dan AHY Nonton Wayang Kulit Bareng di DPP PKS;Positive
"Survei Cawapres Litbang Kompas: Tidak Ada AHY dan Gibran di 3 Besar, Erick, Sandiaga dan Emil Ketat";Neutral
"Sandiaga Ingin Bertemu AHY, Demokrat: Ajak Dukung Ganjar-Anies Atau Bentuk Poros Baru?";Neutral
"173 Hari Menuju Pilpres 2024: Survei Cawapres Prabowo-Ganjar-Anies, Publik Pilih Gibran-Sandiaga-AHY";Neutral
"PPP Gulirkan Duet Sandiaga-AHY, PKS Akui Banyak Godaan Bermunculan";Neutral
Jejak Elektabilitas Sandiaga dan AHY di Bursa Cawapres;Neutral
Erick Tohir ingin sengketa antar BUMN diselesaikan sehari;Positive
"Pantai Aloha PIK 2 Resmi Beroperasi, Erick Tohir Harap Jadi Kekuatan Ekosistem Pariwisata";Positive
Personil Polsek Banjar Kawal Kegiatan Jalan Sehat Bersama Erick Tohir dalam rangka mrriahkan HUT RI ke 78;Positive
Iming-Iming Erick Tohir ke Timnas U-23 yang Berlaga di AFF U-23;Neutral
"Dipasangkan dengan Prabowo Subianto, Pengusaha Kadin Dukung Erick Tohir Sebagai Cawapres";Neutral
NasDem soal Kans Ganjar-Anies: Selalu Terbuka Bergandengan Tangan;Neutral
"Soal Ganjar Berduet dengan Anies, Said PDI-P: Orang Lagi Mimpi, Enggak Boleh?";Neutral
"PDIP Bayangkan Ganjar-Anies Bergabung, PD: Kami Punya Jalan Sendiri";Neutral
Presiden PKS soal Peluang Duet Anies-Ganjar: Sangat Mungkin Terjadi;Neutral
"BEM UI Undang Anies, Ganjar, Prabowo Debat di Kampus: Jika Punya Nyali";Neutral
Prabowo Saksikan MoU Pengadaan 24 Pesawat Tempur F-15EX;Positive
"BEM UI Undang Anies, Ganjar, Prabowo Debat di Kampus: Jika Punya Nyali";Neutral
"Suara PSI Terbelah Antara Dukung Ganjar, Prabowo atau Menjomblo";Neutral
"Undang Anies-Prabowo-Ganjar, BEM FISIP UI Bakal Uji dan Pertanyakan Kesiapan Bacapres";Neutral
"GRPG Deklarasi Dukung Prabowo, Siap Menangkan di Pilpres 2024";Positive
"Ditanya Pilih AHY atau Khofifah, Anies Respons Begini";Neutral
"Jawab Isu Penjegalannya Terkait Pilpres 2024, Anies: Saya Tidak Merasa Dijegal";Neutral
Anies soal Polusi Udara: Dari Cerobong PLTU Terbawa Angin ke Jakarta;Neutral
"Hasto PDIP Bilang Polusi karena Jakarta Lama Tak Diurus, NasDem Bela Anies";Negative
Anies Tak Merasa Ada Upaya Penjegalan Dirinya Terkait Pilpres;Neutral
"AHY Kritik Jokowi, Ganjar Bilang Begini";Neutral
"NasDem Balik Tanya AHY: Kalau Nggak Ditunjuk Cawapres, Apakah Akan Pergi?";Neutral
KPK Balas Tudingan AHY soal Pemberantasan Korupsi Tajam ke Lawan tapi Tumpul ke Kawan;Neutral
"""Serangan"" Tajam AHY ke Pemerintahan Jokowi Usai Demokrat Mesra dengan PDI-P...";Negative
"Ucapkan Selamat Tahun Baru 2023, AHY: Hal Baik Kita Tingkatkan, yang Kurang Diperbaiki";Positive
PSI Tutup Pintu Dukung Anies di 2024: Tak Pernah Bicara Program Jokowi;Negative
Kala Jokowi Dengar MA Batalkan Hukuman Mati Sambo: Kita Harus Hormati;Neutral
Harga Motor Listrik Honda Lebih Mahal dari yang Pernah Disampaikan ke Jokowi;Negative
[HOAKS] Jokowi Kembali Tunjuk Ahok sebagai Gubernur DKI Jakarta;Negative
[HOAKS] Demo Mahasiswa Tuntut Presiden Jokowi Turun;Negative
Potret Jokowi Ajak Prabowo dan Erick Blusukan Bareng ke Pasar Bululawang;Positive
Bupati Bandung Apresasi Jokowi dan Erick Thohir meski Gagal Jadi Tuan Rumah Piala Dunia U-20;Positive
Jokowi Minta Erick Thohir Utamakan Korban Kebakaran Depo Pertamina;Positive
PKB Tak Ambil Pusing Prabowo Duduk Semeja Bareng Erick Thohir-Jokowi;Neutral
"Jokowi Ajak Prabowo dan Erick Blusukan, Bantah Pasangkan untuk Pilpres";Neutral
"Harta dalam LHKPN Naik Jadi Rp 10,9 T, Ini Jurus Sandiaga Kelola Pundi-pundinya";Positive
"LRT Mau Dibangun di Bali, Sandiaga: Layak Masuk Proyek Strategis";Positive
"Banyak yang Minta Tiket Coldplay, Sandiaga Ngaku Ikut 'War'";Positive
Sandiaga Uno Temui Wanita di Malang yang Viral Keluhkan Harga Tiket Pesawat Mahal;Positive
"Kolaborasi dengan Pemprov Kalbar, Sandiaga Kucurkan Modal Buat UMKM";Positive
"Survei Indikator, Elektabilitas Anies-AHY Disalip Ganjar-Erick ";Neutral
"Jokowi Dulu Lempar Sinyal Dukungan ke Prabowo dan Ganjar, Kini ""Goda"" Erick Thohir hingga AHY";Neutral
"Waketum Hanura: Saya Yakin Mbak Puan Iseng, Enggak Mungkin Ganjar-AHY";Neutral
"Respons Pertemuan Puan-AHY, Ganjar Pranowo: Bagus Itu";Neutral
Jawaban Puan soal Pasangkan AHY dengan Ganjar: Masih Kita Cermati;Neutral
"Hashim Sempat Ragu Bawa Budiman Sudjatmiko ke Prabowo, Ingat Hoaks Ratna Sarumpaet";Neutral
Hashim Djojohadikusumo: Prabowo Bukan Petugas Partai;Neutral
Prabowo Janji Perjuangkan Kesejahteraan Veteran Perang;Positive
"Baliho Prabowo-Gibran Terpampang di Labuan Bajo, Dipasang 3 Hari Lalu";Neutral
"Gerindra: Kalau Prabowo Presiden, Insyaallah Bawa Berkah bagi Rakyat Kecil";Positive
Momen Anies Bersama AHY dan JK Hadiri Milad PKS di Istora Senayan;Neutral
AHY Bakal Jemput Anies Pulang dari Tanah Suci Malam Ini;Neutral
Ini Baliho Anies-AHY 'Perubahan & Perbaikan' yang Ramai Bermunculan;Neutral
Anies Buka Suara soal Baliho 'Perubahan & Perbaikan' Bareng AHY;Neutral
"Nobar Pertandingan Voli Indonesia Vs Vietnam Bareng AHY, Anies: Seru Sekali";Positive
AHY Kritik Perppu Ciptaker: Jangan Selesaikan Masalah dengan Masalah!;Neutral
AHY soal Deklarasi Koalisi Perubahan Bulan Ini: Insya Allah!;Neutral
AHY Bahas KUHP Hingga Lukas Enembe;Neutral
Momen Anies-AHY Akrab Duduk Sebelahan Nonton Konser Dewa 19;Positive
AHY di Depan Paloh: Semoga Koalisi Perubahan Bisa Berlayar dan Menang;Positive
"Jokowi Anggarkan Rp 108 Triliun untuk Ketahanan Pangan, Salah Satunya buat ""Food Estate""";Positive
Jokowi Anggarkan Dana Perlindungan Sosial Rp 493 Triliun untuk Tekan Kemiskinan;Positive
"Jokowi Tagetkan Pertumbuhan Ekonomi RI 2024 Capai 5,2 Persen";Positive
Jokowi: Pemulihan Ekonomi yang Cepat Membawa Indonesia Naik Kelas;Positive
"Jokowi: Pengangguran Berhasil Turun, Jadi 5,45 Persen pada 2023";Positive
Erick Thohir: Presiden Jokowi Putuskan Kereta Cepat Gratis 3 Bulan;Positive
Puan Respons Santai Jokowi Makan Bareng Prabowo dan Erick;Neutral
"Melihat Momen Kebersamaan Jokowi, Prabowo dan Erick Thohir";Positive
Jokowi Tak Masalah Erick Thohir dan Amali Rangkap Jabatan di PSSI;Neutral
"Jokowi Dulu Lempar Sinyal Dukungan ke Prabowo dan Ganjar, Kini ""Goda"" Erick Thohir hingga AHY";Neutral
"Gagal Menang ""War"" Tiket Coldplay, Sandiaga: Kita Usahakan Konser Tambah 1 Hari...";Negative
"Indonesia Siap Sambut Turis China, Sandiaga: Asal Patuh Prokes";Positive
Sandiaga Sebut Harga Paket Wisata Candi Borobudur Mulai Rp 100.000;Positive
Sandiaga Sebut Penyebab Harga Tiket Pesawat Tak Kunjung Turun;Neutral
"Luhut Larang Pembangunan Hotel Bintang 3 di Danau Toba, Sandiaga Ungkap Alasannya";Neutral
Terbengkalai! Taman Dukuh Atas Warisan Anies Rusak Parah;Negative
Anies Banggakan Koalisinya: Tak Banyak Atraksi tapi Sudah Punya Piagam;Positive
Prabowo soal Ucapan 'Bajingan Tolol': Rocky Keliru;Negative
Perwira Setuju Program Prabowo Kasih Makan Dan Susu Gratis;Positive
"Cerita Ganjar “Ngamuk” karena Seteru Redistribusi Tanah di Blora, Kelahi dengan ""Tim Sukses""";Negative
Program Kapal Listrik Ganjar Dinilai Layak Diterapkan Secara Nasional;Positive
Megawati: Saya Sampai Bilang Pak Jokowi, Udah Bubarin Aja KPK;Negative
Kala Langkah Megawati Terhenti demi Ingatkan Ibu-ibu soal Stunting;Positive
Polda Metro Terima 2 Laporan soal Rocky Gerung Diduga Hina Jokowi, Kini Lakukan Penyelidikan;Negative
Jokowi Janjikan Bonus ke Peraih Medali SEA Games 2023: Nanti Dihitung;Positive
Airlangga Dilaporkan ke Mahkamah Partai, Golkar Tepis Ada Pelanggaran;Negative
Pedenya Golkar Menangkan Appi Nyaleg untuk Tes Suara di Pilwalkot Makassar;Positive
Raksasa Otomotif Amerika Bangun Smelter Ramah Lingkungan di Indonesia;Positive
Dukung Rocky Gerung, Massa Bakar Bendera PDIP di Cikini;Negative
PDIP Tak Setuju Tarif TransJakarta Naik: Harus Ada Argumen Kuat;Positive
Menteri Nasdem Tersandung KPK Pakar Pertarungan Politik Halus tapi Brutal dan Sadis;Negative
Sekjen Nasdem: Pertemuan Pak Presiden dengan Pak Surya Paloh Bagus;Positive
Politikus PDIP Tuding PSI Bohong Dukung Ganjar: Bullshit!;Negative
PSI Acungi Jempol Densus 88 Polri di Kasus Karyawan KAI Tersangka Teroris;Positive
KPK Sebut Uang Suap Eks Bupati Pemalang Mengalir ke Muktamar PPP;Negative
Dagangan Ludes, PKL Dapat Berkah Lomba Organisasi Pemuda PPP;Positive
Anies Dihujat Usai Ketemu Eks Istri Ahok, Politisi Demokrat Pasang Badan: Narasinya Sadis Sekali;Negative
Demokrat Ungkap Alasan Dukung Prabowo: Kami Memilih yang Akan Menang;Positive
Minta Anak Muda Gunakan Hak Pilih, AHY: Penentu Kemajuan Bangsa;Positive
AHY: Kalau PKS, Nasdem, dan Demokrat Kritis, Dibilang Musuh Negara...;Negative
Anies Minta Doa ke Ulama Banten soal Pencapresan, Bicara Rute Penuh Tantangan;Positive
Jokowi Ogah Dikaitkan dengan Pencapresan Partai: Jangan Dikit-dikit Istana!;Negative
PKS Yakin Elektabilitas Anies Naik Setelah Bacawapres Diumumkan;Positive
Hadir di Rumah Waketum PPP, Sandiaga Uno Pasrah jika Dirinya Tidak Dipilih sebagai Bacawapres;Negative
Ungkap Salah Satu Penyakit Pemilu, Mahfud: Banyak Politik Uang di KPU;Negative
Respons Pidato Kenegaraan Jokowi, Sekjen PKS Harap Presiden Mampu Bersikap Netral di Pemilu 2024;Positive
Relawan Ngotot Dukung Kaesang Maju Pilkada Depok;Negative
Mendagri Minta Pemda Sukseskan Pemilu dan Pilkada Serentak di 2024;Positive
Nilai ekonomi digital Indonesia cukup besar mencapai 100 miliar dolar;Positive
Seorang Ibu tega menjual anak kandungnya menjadi pekerja prostitusi PSK Hal yang paling mengejutkan adalah sang Ibu merupakan Pegawai Negeri Sipil PNS Kabupaten Bengkulu Selatan Adapun alasan pelaku menjual anaknya menjadi PSK tak lain dan tak bukan karena faktor ekonomi;Negative
Inflasi Juli 2023 Landai, Ekonom Minta Pemerintah Tetap Waspada;Positive
Inflasi di Maumere Capai 2,80 Persen pada Juli 2023, Tarif Angkutan Udara Pemicu Terbesar;Negative
Harga Beras Naik, Tembus Rp28 Ribu per Kg di Palangkaraya;Negative
Bulog Percepat Impor 700 Ribu Ton Beras Demi Hadapi El Nino;Positive
Pengusaha Geram! Utang Rp 344 M Tak Dibayar, Ancam Minyak Goreng Langka Lagi;Negative
DMO Minyak Goreng Turun Jadi 300.000 Per Bulan;Positive
"Awal September, Masyarakat Bisa Jajal Naik Kereta Cepat secara Gratis";Positive
"Uji Coba Kereta Cepat Mundur, Jokowi Jajal Bulan Depan Bareng Dubes";Negative
"PNS Kemenkumham Maling Motor, Beraksi di Pasar Jongkok dan Kantor Kecamatan Cilincing";Negative
Syarat Dihapus, Semua Bisa Dapat Subsidi Motor Listrik Rp 7 Juta!;Positive
"Survei LSI: Kepuasan Publik ke Ketum PSSI Erick Thohir 88,7%";Positive
"Liga 2 Dihentikan, Persib Kecewa dengan Keputusan PSSI";Negative
Sederet Fakta Kericuhan Sepak Bola Tarkam 'Berdarah' di Cianjur;Negative
Tokoh Perempuan Minang Nilai Sepak Bola Tidak Hanya Olahraga Tetapi Juga Pembelajaran Soal Sportifitas dan Persatuan;Positive
Final Sepak Bola SEA Games 2023: Kalah dari Indonesia, Bek Thailand Lempar Medali ke Penonton;Negative
Klasemen Sepak Bola SEA Games 2023 Usai Indonesia Menang atas Filipina;Positive
Kumpulkan Data Anak Tanpa Izin, Microsoft Bayar Denda 20 Juta Dollar AS;Negative
Microsoft Tambah Investasi ke OpenAI, Perusahaan AI Pembuat ChatGPT;Positive
Terbukti Langgar Paten, Google Dituntut Ganti Rugi Rp 5 Triliun;Negative
Google Indonesia Buka Lowongan Kerja, Ini Posisi dan Syaratnya;Positive
Gara-gara Saham Apple Jeblok, S&P dan Nasdaq Merosot;Negative
Apple Watch Masih Rajai Pasar Smartwatch Dunia;Positive
"KPK Ungkap Selisih Ekspor Ore Nikel Ilegal ke China Tembus Rp14,5 T";Negative
RI-China Sepakati Pembengkakan Biaya Kereta Cepat Jakarta-Bandung;Positive
"Senat AS Loloskan Legislasi Plafon Utang, Amerika Terhindar dari Bencana Gagal Bayar";Negative
Raksasa Otomotif Amerika Bangun Smelter Ramah Lingkungan di Indonesia;Positive
Eropa Tuduh RI Ajak Inggris dan China Siasati Ekspor Biodiesel;Negative
Porang Indonesia Tembus Pasar Asia hingga Eropa;Positive
Kemenkeu Sebut Kuota Subsisi BBM-LPG 3 Kg Masih Aman;Positive
Kenaikan harga beras di beberapa daerah mengkhawatirkan;Negative
Jokowi akan umumkan perpu baru pengaturan ITE;Neutral
Pendaftaran CPNS dan PPPK 2023 Dibuka Mulai Hari Ini, Cek Caranya di Sini!;Neutral 
China Tingkatkan Investasi pengembangan industri Rempang;Positive
Prestasi atlet indonesia turun dalam sea games;Negative
